{
    "time_vs_N": {
        "N_values": [
            500,
            1000,
            1500,
            2000,
            2500,
            3000,
            3500,
            4000,
            4500,
            5000,
            5500,
            6000,
            6500,
            7000,
            7500,
            8000
        ],
        "times": [
            0.10053873062133789,
            0.26395392417907715,
            0.378432035446167,
            0.6581056118011475,
            1.202362298965454,
            1.5208756923675537,
            1.7401847839355469,
            2.060238838195801,
            2.160940170288086,
            3.12058687210083,
            3.221113920211792,
            3.75815486907959,
            4.986248731613159,
            4.9617650508880615,
            5.397926330566406,
            6.045652151107788
        ],
        "fixed_machines": 2
    }
}